debugJpA1A:debugw8Bv4,initialized,0,,1656438077625
debugJpA1A:debugw8Bv4,window_resize,0,"[1472, 756]",1656438077625
debugJpA1A:debugw8Bv4,focus,102,on,1656438077727
debugGg293:debugA2KwQ,initialized,0,,1656438095123
debugGg293:debugA2KwQ,window_resize,0,"[1536, 779]",1656438095123
AH7Z2M3KSQ4DW:37U1UTWH9WRT6OSXD9F7DQNRG7ZR87,initialized,0,,1656438876259
AH7Z2M3KSQ4DW:37U1UTWH9WRT6OSXD9F7DQNRG7ZR87,window_resize,0,"[1350, 668]",1656438876259
A3J8UC84NM958L:3WOKGM4L72L8RMVEQDLOQGC4MM40OL,initialized,0,,1656438734992
A3J8UC84NM958L:3WOKGM4L72L8RMVEQDLOQGC4MM40OL,window_resize,0,"[1039, 660]",1656438734992
A3J8UC84NM958L:3WOKGM4L72L8RMVEQDLOQGC4MM40OL,focus,597,off,1656438735589
A3J8UC84NM958L:3WOKGM4L72L8RMVEQDLOQGC4MM40OL,focus,1304,on,1656438736893
A34YDGVZKRJ0LZ:3GA6AFUKOPTUGX8O5N8H85DADCA3HV,initialized,0,,1656438857926
A34YDGVZKRJ0LZ:3GA6AFUKOPTUGX8O5N8H85DADCA3HV,window_resize,0,"[1440, 744]",1656438857926
A34YDGVZKRJ0LZ:3GA6AFUKOPTUGX8O5N8H85DADCA3HV,focus,11090,off,1656438869016
A34YDGVZKRJ0LZ:3GA6AFUKOPTUGX8O5N8H85DADCA3HV,focus,3052,on,1656438872068
ANX6Q4NMZL8EI:33LK57MYLUAKRZTX1OFPGKPR1IPSZ1,initialized,0,,1656438751829
ANX6Q4NMZL8EI:33LK57MYLUAKRZTX1OFPGKPR1IPSZ1,window_resize,1,"[721, 639]",1656438751830
ANX6Q4NMZL8EI:33LK57MYLUAKRZTX1OFPGKPR1IPSZ1,window_resize,1455,"[1065, 639]",1656438753285
A3C8E7YVLNEQKA:3NJM2BJS4XBA6E2VHTRNAHJV5HGPC5,initialized,0,,1656441877919
A3C8E7YVLNEQKA:3NJM2BJS4XBA6E2VHTRNAHJV5HGPC5,window_resize,0,"[1264, 705]",1656441877919
A3C8E7YVLNEQKA:3NJM2BJS4XBA6E2VHTRNAHJV5HGPC5,focus,5730,off,1656441883649
A3C8E7YVLNEQKA:3NJM2BJS4XBA6E2VHTRNAHJV5HGPC5,focus,1459,on,1656441885108
A2AGS81MDXHIYS:3PJ71Z61R575ROCQK7667V0PWFO91J,initialized,0,,1656438735753
A2AGS81MDXHIYS:3PJ71Z61R575ROCQK7667V0PWFO91J,window_resize,0,"[1469, 950]",1656438735753
A2AGS81MDXHIYS:3PJ71Z61R575ROCQK7667V0PWFO91J,focus,247989,off,1656438983742
A2AGS81MDXHIYS:3PJ71Z61R575ROCQK7667V0PWFO91J,focus,63510,on,1656439047252
A2AGS81MDXHIYS:3PJ71Z61R575ROCQK7667V0PWFO91J,focus,276410,off,1656439323662
A2AGS81MDXHIYS:3PJ71Z61R575ROCQK7667V0PWFO91J,focus,4027,on,1656439327689
A2AGS81MDXHIYS:3PJ71Z61R575ROCQK7667V0PWFO91J,focus,127485,off,1656439455174
A2AGS81MDXHIYS:3PJ71Z61R575ROCQK7667V0PWFO91J,focus,130892,on,1656439586066
A214GCCPAG8237:3C44YUNSI2UKB689HPMYUN1DQHSPD5,initialized,0,,1656442147389
A214GCCPAG8237:3C44YUNSI2UKB689HPMYUN1DQHSPD5,window_resize,0,"[1050, 660]",1656442147389
A214GCCPAG8237:3C44YUNSI2UKB689HPMYUN1DQHSPD5,focus,208446,off,1656442355835
A214GCCPAG8237:3C44YUNSI2UKB689HPMYUN1DQHSPD5,focus,4942,on,1656442360777
A39KKDB8CFBGCC:3QILPRALQ608RQ05K2YQ46IHFBUN81,initialized,0,,1656441826680
A39KKDB8CFBGCC:3QILPRALQ608RQ05K2YQ46IHFBUN81,window_resize,0,"[1904, 972]",1656441826680
A196XR61DIW5GU:3H8DHMCCWAGJ0FBT4XHQY6FEW7MKDZ,initialized,0,,1656442304938
A196XR61DIW5GU:3H8DHMCCWAGJ0FBT4XHQY6FEW7MKDZ,window_resize,0,"[968, 972]",1656442304938
A196XR61DIW5GU:3H8DHMCCWAGJ0FBT4XHQY6FEW7MKDZ,window_resize,13410,"[1920, 988]",1656442318348
A196XR61DIW5GU:3H8DHMCCWAGJ0FBT4XHQY6FEW7MKDZ,focus,7357,off,1656442325705
A196XR61DIW5GU:3H8DHMCCWAGJ0FBT4XHQY6FEW7MKDZ,focus,1361,on,1656442327066
A196XR61DIW5GU:3H8DHMCCWAGJ0FBT4XHQY6FEW7MKDZ,focus,3409,off,1656442330475
A196XR61DIW5GU:3H8DHMCCWAGJ0FBT4XHQY6FEW7MKDZ,focus,5656,on,1656442336131
A196XR61DIW5GU:3H8DHMCCWAGJ0FBT4XHQY6FEW7MKDZ,focus,1670,off,1656442337801
A196XR61DIW5GU:3H8DHMCCWAGJ0FBT4XHQY6FEW7MKDZ,focus,7962,on,1656442345763
A196XR61DIW5GU:3H8DHMCCWAGJ0FBT4XHQY6FEW7MKDZ,focus,13299,off,1656442359062
A196XR61DIW5GU:3H8DHMCCWAGJ0FBT4XHQY6FEW7MKDZ,focus,17491,on,1656442376553
A196XR61DIW5GU:3H8DHMCCWAGJ0FBT4XHQY6FEW7MKDZ,focus,3852,off,1656442380405
A196XR61DIW5GU:3H8DHMCCWAGJ0FBT4XHQY6FEW7MKDZ,focus,145,on,1656442380550
A196XR61DIW5GU:3H8DHMCCWAGJ0FBT4XHQY6FEW7MKDZ,focus,27282,off,1656442407832
A196XR61DIW5GU:3H8DHMCCWAGJ0FBT4XHQY6FEW7MKDZ,focus,28253,on,1656442436085
A196XR61DIW5GU:3H8DHMCCWAGJ0FBT4XHQY6FEW7MKDZ,focus,5345,off,1656442441430
A196XR61DIW5GU:3H8DHMCCWAGJ0FBT4XHQY6FEW7MKDZ,focus,1956,on,1656442443386
A196XR61DIW5GU:3H8DHMCCWAGJ0FBT4XHQY6FEW7MKDZ,focus,42839,off,1656442486225
A196XR61DIW5GU:3H8DHMCCWAGJ0FBT4XHQY6FEW7MKDZ,focus,2884,on,1656442489109
A196XR61DIW5GU:3H8DHMCCWAGJ0FBT4XHQY6FEW7MKDZ,focus,107179,off,1656442596288
A196XR61DIW5GU:3H8DHMCCWAGJ0FBT4XHQY6FEW7MKDZ,focus,2971,on,1656442599259
A196XR61DIW5GU:3H8DHMCCWAGJ0FBT4XHQY6FEW7MKDZ,focus,10419,off,1656442609678
A196XR61DIW5GU:3H8DHMCCWAGJ0FBT4XHQY6FEW7MKDZ,focus,2610,on,1656442612288
A196XR61DIW5GU:3H8DHMCCWAGJ0FBT4XHQY6FEW7MKDZ,focus,19664,off,1656442631952
A196XR61DIW5GU:3H8DHMCCWAGJ0FBT4XHQY6FEW7MKDZ,focus,1945,on,1656442633897
A196XR61DIW5GU:3H8DHMCCWAGJ0FBT4XHQY6FEW7MKDZ,focus,57276,off,1656442691173
A196XR61DIW5GU:3H8DHMCCWAGJ0FBT4XHQY6FEW7MKDZ,focus,3023,on,1656442694196
A3OFD32POYKUBE:3Z9WI9EOZ0T0CVGVQT0GPRUCOZFKH8,initialized,0,,1656442163720
A3OFD32POYKUBE:3Z9WI9EOZ0T0CVGVQT0GPRUCOZFKH8,window_resize,0,"[1038, 650]",1656442163720
A3OFD32POYKUBE:3Z9WI9EOZ0T0CVGVQT0GPRUCOZFKH8,window_resize,1514,"[1366, 676]",1656442165234
A3OFD32POYKUBE:3Z9WI9EOZ0T0CVGVQT0GPRUCOZFKH8,window_resize,33633,"[2049, 1014]",1656442198867
A2XU05BBHKJEAB:33PPO7FECWKSUKL54UWELQ0143XIDM,initialized,0,,1656442110986
A2XU05BBHKJEAB:33PPO7FECWKSUKL54UWELQ0143XIDM,window_resize,0,"[1366, 676]",1656442110986
A3DU9455IHA82T:3GU1KF0O4J6RW9AP3TVSZXDDNWGPBY,initialized,0,,1656442630847
A3DU9455IHA82T:3GU1KF0O4J6RW9AP3TVSZXDDNWGPBY,window_resize,0,"[1056, 586]",1656442630847
A3DU9455IHA82T:3GU1KF0O4J6RW9AP3TVSZXDDNWGPBY,window_resize,18248,"[1367, 668]",1656442649095
AP4B1GJIT3HYF:3WYP994K18WFZBLVYPA318KXD086YO,initialized,0,,1656441830601
AP4B1GJIT3HYF:3WYP994K18WFZBLVYPA318KXD086YO,window_resize,0,"[1350, 660]",1656441830601
AP4B1GJIT3HYF:3WYP994K18WFZBLVYPA318KXD086YO,focus,471489,off,1656442302090
AP4B1GJIT3HYF:3WYP994K18WFZBLVYPA318KXD086YO,focus,18878,on,1656442320968
AP4B1GJIT3HYF:3WYP994K18WFZBLVYPA318KXD086YO,focus,223365,off,1656442544333
AP4B1GJIT3HYF:3WYP994K18WFZBLVYPA318KXD086YO,focus,7157,on,1656442551490
A2S4KG1BKZNZ4N:3EJPLAJKENLF41V0UBCMFFTZJUC6ZF,initialized,0,,1656443435423
A2S4KG1BKZNZ4N:3EJPLAJKENLF41V0UBCMFFTZJUC6ZF,window_resize,0,"[1000, 660]",1656443435423
A2S4KG1BKZNZ4N:3EJPLAJKENLF41V0UBCMFFTZJUC6ZF,focus,57965,off,1656443493388
A2S4KG1BKZNZ4N:3EJPLAJKENLF41V0UBCMFFTZJUC6ZF,focus,1971,on,1656443495359
A2ATBS6XTIZE89:3I7DHKZYGO5DGG4MOG8AKHZHBU7F5K,initialized,0,,1656442959954
A2ATBS6XTIZE89:3I7DHKZYGO5DGG4MOG8AKHZHBU7F5K,window_resize,0,"[1680, 996]",1656442959954
AIXZNUNYZHM4I:3907X2AHF1AX8WATK02HY4A9TQ72PD,initialized,0,,1656446759765
AIXZNUNYZHM4I:3907X2AHF1AX8WATK02HY4A9TQ72PD,window_resize,0,"[1440, 808]",1656446759765
AIXZNUNYZHM4I:3907X2AHF1AX8WATK02HY4A9TQ72PD,focus,93435,off,1656446853200
AIXZNUNYZHM4I:3907X2AHF1AX8WATK02HY4A9TQ72PD,focus,3851,on,1656446857051
AIXZNUNYZHM4I:3907X2AHF1AX8WATK02HY4A9TQ72PD,focus,14218,off,1656446871269
AIXZNUNYZHM4I:3907X2AHF1AX8WATK02HY4A9TQ72PD,focus,41581,on,1656446912850
A1TARNH07A75CG:3PMBY0YE288PERMO04VQORJG0DY9CU,initialized,0,,1656441838339
A1TARNH07A75CG:3PMBY0YE288PERMO04VQORJG0DY9CU,window_resize,0,"[716, 787]",1656441838339
A1TARNH07A75CG:3PMBY0YE288PERMO04VQORJG0DY9CU,window_resize,7027,"[1119, 801]",1656441845366
A1TARNH07A75CG:3PMBY0YE288PERMO04VQORJG0DY9CU,focus,19052,off,1656441864418
A1TARNH07A75CG:3PMBY0YE288PERMO04VQORJG0DY9CU,focus,3014,on,1656441867432
A1TARNH07A75CG:3PMBY0YE288PERMO04VQORJG0DY9CU,focus,864,off,1656441868296
A1TARNH07A75CG:3PMBY0YE288PERMO04VQORJG0DY9CU,focus,17502,on,1656441885798
A1TARNH07A75CG:3PMBY0YE288PERMO04VQORJG0DY9CU,focus,1805,off,1656441887603
A1TARNH07A75CG:3PMBY0YE288PERMO04VQORJG0DY9CU,focus,10875,on,1656441898478
A1TARNH07A75CG:3PMBY0YE288PERMO04VQORJG0DY9CU,focus,1772,off,1656441900250
A1TARNH07A75CG:3PMBY0YE288PERMO04VQORJG0DY9CU,focus,3257,on,1656441903507
A1TARNH07A75CG:3PMBY0YE288PERMO04VQORJG0DY9CU,focus,11791,off,1656441915298
A1TARNH07A75CG:3PMBY0YE288PERMO04VQORJG0DY9CU,focus,1662,on,1656441916960
A1TARNH07A75CG:3PMBY0YE288PERMO04VQORJG0DY9CU,focus,7306,off,1656441924266
A1TARNH07A75CG:3PMBY0YE288PERMO04VQORJG0DY9CU,focus,3063,on,1656441927329
A1TARNH07A75CG:3PMBY0YE288PERMO04VQORJG0DY9CU,focus,17676,off,1656441945005
A1TARNH07A75CG:3PMBY0YE288PERMO04VQORJG0DY9CU,focus,1517,on,1656441946522
A1TARNH07A75CG:3PMBY0YE288PERMO04VQORJG0DY9CU,focus,9264,off,1656441955786
A1TARNH07A75CG:3PMBY0YE288PERMO04VQORJG0DY9CU,focus,1220,on,1656441957006
A1TARNH07A75CG:3PMBY0YE288PERMO04VQORJG0DY9CU,window_resize,71050,"[716, 787]",1656442028056
A1TARNH07A75CG:3PMBY0YE288PERMO04VQORJG0DY9CU,focus,2617,off,1656442030673
A1TARNH07A75CG:3PMBY0YE288PERMO04VQORJG0DY9CU,focus,1904,on,1656442032577
A1TARNH07A75CG:3PMBY0YE288PERMO04VQORJG0DY9CU,focus,16033,off,1656442048610
A1TARNH07A75CG:3PMBY0YE288PERMO04VQORJG0DY9CU,focus,2474,on,1656442051084
A1TARNH07A75CG:3PMBY0YE288PERMO04VQORJG0DY9CU,focus,11761,off,1656442062845
A1TARNH07A75CG:3PMBY0YE288PERMO04VQORJG0DY9CU,focus,1678,on,1656442064523
A1TARNH07A75CG:3PMBY0YE288PERMO04VQORJG0DY9CU,focus,11460,off,1656442075983
A1TARNH07A75CG:3PMBY0YE288PERMO04VQORJG0DY9CU,focus,3862,on,1656442079845
A1TARNH07A75CG:3PMBY0YE288PERMO04VQORJG0DY9CU,focus,75619,off,1656442155464
A1TARNH07A75CG:3PMBY0YE288PERMO04VQORJG0DY9CU,focus,2197,on,1656442157661
A1TARNH07A75CG:3PMBY0YE288PERMO04VQORJG0DY9CU,focus,100803,off,1656442258464
A1TARNH07A75CG:3PMBY0YE288PERMO04VQORJG0DY9CU,focus,13477,on,1656442271941
A1TARNH07A75CG:3PMBY0YE288PERMO04VQORJG0DY9CU,focus,51346,off,1656442323287
A1TARNH07A75CG:3PMBY0YE288PERMO04VQORJG0DY9CU,focus,17158,on,1656442340445
A1TARNH07A75CG:3PMBY0YE288PERMO04VQORJG0DY9CU,focus,85557,off,1656442426002
A1TARNH07A75CG:3PMBY0YE288PERMO04VQORJG0DY9CU,focus,7095,on,1656442433097
A3EZ8SSH54CNEH:3QFUFYSY9ZKVKX0MABP0FPT3BYCF4F,initialized,0,,1656442736883
A3EZ8SSH54CNEH:3QFUFYSY9ZKVKX0MABP0FPT3BYCF4F,window_resize,0,"[1050, 660]",1656442736883
A3EZ8SSH54CNEH:3QFUFYSY9ZKVKX0MABP0FPT3BYCF4F,window_resize,3615,"[1050, 658]",1656442740498
A3EZ8SSH54CNEH:3QFUFYSY9ZKVKX0MABP0FPT3BYCF4F,window_resize,118051,"[1366, 768]",1656442858549
A1V1B01CZTEWVX:3907X2AHF1AX8WATK02HY4A9TQ72PD,initialized,0,,1656445910561
A1V1B01CZTEWVX:3907X2AHF1AX8WATK02HY4A9TQ72PD,window_resize,1,"[518, 468]",1656445910562
A1V1B01CZTEWVX:3907X2AHF1AX8WATK02HY4A9TQ72PD,window_resize,15250,"[1024, 676]",1656445925812
debugpb2JU:debugPLyS9,initialized,0,,1656464663146
debugpb2JU:debugPLyS9,window_resize,0,"[1536, 779]",1656464663146
debugD7HON:debugk8FOr,initialized,0,,1656464941692
debugD7HON:debugk8FOr,window_resize,0,"[1536, 779]",1656464941692
debugD7HON:debugk8FOr,focus,3261,off,1656464944953
debugD7HON:debugk8FOr,focus,10604,on,1656464955557
A29JQ7VMQ1HKYP:35USIKEBNSLLNCHHRN1SKSMQ9G4N6F,initialized,0,,1656442093877
A29JQ7VMQ1HKYP:35USIKEBNSLLNCHHRN1SKSMQ9G4N6F,window_resize,1,"[1044, 701]",1656442093878
A29JQ7VMQ1HKYP:35USIKEBNSLLNCHHRN1SKSMQ9G4N6F,window_resize,2558,"[1440, 808]",1656442096436
A29JQ7VMQ1HKYP:35USIKEBNSLLNCHHRN1SKSMQ9G4N6F,focus,29003,off,1656442125439
A29JQ7VMQ1HKYP:35USIKEBNSLLNCHHRN1SKSMQ9G4N6F,focus,227151,on,1656442352590
A29JQ7VMQ1HKYP:35USIKEBNSLLNCHHRN1SKSMQ9G4N6F,focus,1174,off,1656442353764
A29JQ7VMQ1HKYP:35USIKEBNSLLNCHHRN1SKSMQ9G4N6F,focus,14462,on,1656442368226
A29JQ7VMQ1HKYP:35USIKEBNSLLNCHHRN1SKSMQ9G4N6F,focus,9210,off,1656442377436
A29JQ7VMQ1HKYP:35USIKEBNSLLNCHHRN1SKSMQ9G4N6F,focus,5156,on,1656442382592
ADJ9I7ZBFYFH7:3OONKJ5DKDO9B9YOOTIDAX8NDRKBO3,initialized,0,,1656441882896
ADJ9I7ZBFYFH7:3OONKJ5DKDO9B9YOOTIDAX8NDRKBO3,window_resize,0,"[780, 750]",1656441882896
ADJ9I7ZBFYFH7:3OONKJ5DKDO9B9YOOTIDAX8NDRKBO3,window_resize,1968,"[1536, 764]",1656441884864
A9AAOTX2TKUVE:37FMASSAYDWZFNNLQY58Q0C11ILIBF,initialized,0,,1656441829080
A9AAOTX2TKUVE:37FMASSAYDWZFNNLQY58Q0C11ILIBF,window_resize,0,"[1280, 236]",1656441829080
A1O1U2J8BMG95C:3TS1AR6UQRJS3KI5C9N7I1DD202F7Z,initialized,0,,1656441856073
A1O1U2J8BMG95C:3TS1AR6UQRJS3KI5C9N7I1DD202F7Z,window_resize,0,"[1424, 792]",1656441856073
A1O1U2J8BMG95C:3TS1AR6UQRJS3KI5C9N7I1DD202F7Z,window_resize,121124,"[1780, 990]",1656441977197
A2VH4J1I0AFZQW:3KMS4QQVK3VGYZPPV3CGM6IZ8K2KFA,initialized,0,,1656442158220
A2VH4J1I0AFZQW:3KMS4QQVK3VGYZPPV3CGM6IZ8K2KFA,window_resize,0,"[1350, 660]",1656442158220
AS8UF78F25PGT:31N2WW6R9SVA21HIAXKH5K1XXYGF3U,initialized,0,,1656467074306
AS8UF78F25PGT:31N2WW6R9SVA21HIAXKH5K1XXYGF3U,window_resize,0,"[833, 660]",1656467074306
AVP8OEUW3NB4D:354P56DE9L817PNRITN6P0WSRQWS7V,initialized,0,,1656441860025
AVP8OEUW3NB4D:354P56DE9L817PNRITN6P0WSRQWS7V,window_resize,0,"[1366, 676]",1656441860025
AVP8OEUW3NB4D:354P56DE9L817PNRITN6P0WSRQWS7V,focus,76407,off,1656441936432
AVP8OEUW3NB4D:354P56DE9L817PNRITN6P0WSRQWS7V,focus,12862,on,1656441949294
A1OM5NWYYYJKQW:3JWH6J9I9TIRTOYCNEI0V88INHFBNO,initialized,0,,1656441845929
A1OM5NWYYYJKQW:3JWH6J9I9TIRTOYCNEI0V88INHFBNO,window_resize,1,"[1376, 750]",1656441845930
A1OM5NWYYYJKQW:3JWH6J9I9TIRTOYCNEI0V88INHFBNO,focus,20384,off,1656441866314
A1OM5NWYYYJKQW:3JWH6J9I9TIRTOYCNEI0V88INHFBNO,focus,11097,on,1656441877411
A1OM5NWYYYJKQW:3JWH6J9I9TIRTOYCNEI0V88INHFBNO,focus,1806,off,1656441879217
A1OM5NWYYYJKQW:3JWH6J9I9TIRTOYCNEI0V88INHFBNO,focus,6433,on,1656441885650
A1OM5NWYYYJKQW:3JWH6J9I9TIRTOYCNEI0V88INHFBNO,window_resize,12599,"[1362, 750]",1656441898249
A1OM5NWYYYJKQW:3JWH6J9I9TIRTOYCNEI0V88INHFBNO,focus,363606,off,1656442261855
A1OM5NWYYYJKQW:3JWH6J9I9TIRTOYCNEI0V88INHFBNO,focus,4836,on,1656442266691
A2NEFRREWF33YP:3GNCZX450JSMDZ5XXFVW4MT75EVPA3,initialized,0,,1656441986116
A2NEFRREWF33YP:3GNCZX450JSMDZ5XXFVW4MT75EVPA3,window_resize,0,"[1150, 1012]",1656441986116
A1G4EHG9D1JMD8:324G5B4FB4D16G3F9R4MFUQ9WYD70N,initialized,0,,1656409415576
A1G4EHG9D1JMD8:324G5B4FB4D16G3F9R4MFUQ9WYD70N,window_resize,1,"[1259, 660]",1656409415577
A1G4EHG9D1JMD8:324G5B4FB4D16G3F9R4MFUQ9WYD70N,focus,143011,off,1656409558588
A1G4EHG9D1JMD8:324G5B4FB4D16G3F9R4MFUQ9WYD70N,focus,5825,on,1656409564413
A1DT7XOW0ISK0K:378XPAWRUDIUWDITKK5CVPSVJ00IAK,initialized,0,,1656443641554
A1DT7XOW0ISK0K:378XPAWRUDIUWDITKK5CVPSVJ00IAK,window_resize,0,"[950, 761]",1656443641554
AEN69UBCSG6CV:378XPAWRUDIUWDITKK5CVPSVJ00IAK,initialized,0,,1656443691711
AEN69UBCSG6CV:378XPAWRUDIUWDITKK5CVPSVJ00IAK,window_resize,0,"[1366, 676]",1656443691711
A2MI7L5QRNPV1Y:3XM0HYN6NL4P3CM9DKXI05JYQTTPEY,initialized,0,,1656443875154
A2MI7L5QRNPV1Y:3XM0HYN6NL4P3CM9DKXI05JYQTTPEY,window_resize,1,"[592, 399]",1656443875155
A2MI7L5QRNPV1Y:3XM0HYN6NL4P3CM9DKXI05JYQTTPEY,window_resize,9451,"[1280, 932]",1656443884606
AROOCBM042SJD:33PPUNGG39A8QKTKMZFKQAKVFHQRZY,initialized,0,,1656443949929
AROOCBM042SJD:33PPUNGG39A8QKTKMZFKQAKVFHQRZY,window_resize,0,"[1350, 652]",1656443949929
A1LWNGXCGHVTKT:3URFVVM166N06CL1QTAPVL7FMGXUZ8,initialized,0,,1656444466676
A1LWNGXCGHVTKT:3URFVVM166N06CL1QTAPVL7FMGXUZ8,window_resize,0,"[1440, 808]",1656444466676
A1LWNGXCGHVTKT:3URFVVM166N06CL1QTAPVL7FMGXUZ8,focus,149774,off,1656444616450
A1LWNGXCGHVTKT:3URFVVM166N06CL1QTAPVL7FMGXUZ8,focus,40223,on,1656444656673
A1LWNGXCGHVTKT:3URFVVM166N06CL1QTAPVL7FMGXUZ8,focus,2474,off,1656444659147
A1LWNGXCGHVTKT:3URFVVM166N06CL1QTAPVL7FMGXUZ8,focus,58171,on,1656444717318
A1LWNGXCGHVTKT:3URFVVM166N06CL1QTAPVL7FMGXUZ8,focus,1,on,1656444717319
A1LWNGXCGHVTKT:3URFVVM166N06CL1QTAPVL7FMGXUZ8,focus,262258,off,1656444979577
A1LWNGXCGHVTKT:3URFVVM166N06CL1QTAPVL7FMGXUZ8,focus,118709,on,1656445098286
A39XQ8DIBGUGAH:3IXQG4FA2U364MUIM4ZVD7DYISY9BN,initialized,0,,1656445233971
A39XQ8DIBGUGAH:3IXQG4FA2U364MUIM4ZVD7DYISY9BN,window_resize,0,"[1350, 660]",1656445233971
A8V3H3ARI2N9O:3G5W44VEU8NMCZLK6NIY4RIB9Z2KG9,initialized,0,,1656443735328
A8V3H3ARI2N9O:3G5W44VEU8NMCZLK6NIY4RIB9Z2KG9,window_resize,7,"[1366, 768]",1656443735335
A3G8OON0TDPN1E:38YMOXR4MV4BA6QVJOSFGBZH2S86WP,initialized,0,,1656443735101
A3G8OON0TDPN1E:38YMOXR4MV4BA6QVJOSFGBZH2S86WP,window_resize,1,"[1215, 612]",1656443735102
A3G8OON0TDPN1E:38YMOXR4MV4BA6QVJOSFGBZH2S86WP,window_resize,123197,"[1215, 643]",1656443858299
debugBb6KF:debugo1O5x,initialized,0,,1656465102224
debugBb6KF:debugo1O5x,window_resize,0,"[1536, 779]",1656465102224
debugBb6KF:debugo1O5x,focus,2918,off,1656465105142
debugBb6KF:debugo1O5x,focus,8215,on,1656465113357
debugBb6KF:debugo1O5x,focus,30257,off,1656465143614
debugBb6KF:debugo1O5x,focus,13118,on,1656465156732
